{
    "input_2d": [
        [681.3066, 976.9806],
        [669.2028, 921.6021],
        [671.2784, 880.07495],
        [698.9265, 1010.5687],
        [700.0484, 957.388],
        [735.6338, 902.3827],
        [734.24066, 900.41656],
        [750.88965, 1016.53754],
        [724.29584, 935.7588],
        [737.0622, 904.3993],
        [751.3288, 1028.3909],
        [786.82874, 932.8822],
        [683.79083, 952.12714],
        [722.7975, 1020.4515],
        [765.7878, 992.5405],
        [775.06494, 969.5388],
        [672.1939, 947.48773],
        [636.75433, 939.29425],
        [663.40137, 820.223],
        [664.0965, 798.9772],
        [685.07904, 992.66504],
        [639.8023, 892.5659],
        [662.7154, 841.18884],
        [688.9957, 1004.05255],
        [653.6093, 901.4138],
        [663.2012, 947.20465],
        [679.854, 1011.4484],
        [668.4905, 971.0555],
        [655.3528, 949.91437],
        [697.0161, 1006.3464],
        [690.2929, 994.5009]
    ],
    "rotation": [
        0.8565135,
        0.47578523,
        0.2000329,
        0.0,
        0.387567,
        -0.92184156,
        -0.5161247,
        0.78956974,
        0.33195636
    ],
    "translation": [
        63.794785,
        -59.055527,
        -512.7007
    ]
}
